File Id,File Name,Token Id,Parent Folder ID,Data Transaction ID,Metadata Transaction ID,File Size,Date Created,Last Modified,Direct Download Link
63ec56dc-fb20-463e-8080-90e683bbe200,0xapple.png,16,65c307eb-6278-440a-a291-e8312bc0ebfd,jOMpcmhUpNak0dfQe8ds7IdX0skop29tVDdKHHCas8A,xD4nzDz9184Pc-XTBA8LprAfng8wrKAoujrLOqQaXtQ,855676,2023-03-09 16:04:51.000,2023-03-09 15:53:06.000,https://arweave.net/jOMpcmhUpNak0dfQe8ds7IdX0skop29tVDdKHHCas8A
fdcffcbd-cc8a-4df0-8b68-f8334b5652b9,0xbest.png,15,65c307eb-6278-440a-a291-e8312bc0ebfd,5iTYTz7Zo65GKJNqClgnWxYORFkUj45hDUwv1dtKqgQ,zYC2TWagMZGx0PRfHApToR-vnHgnswvphpIE8zAvTwI,653511,2023-03-09 16:04:51.000,2023-03-08 14:18:52.000,https://arweave.net/5iTYTz7Zo65GKJNqClgnWxYORFkUj45hDUwv1dtKqgQ
878e4ac6-7508-4549-a169-258d5a7647f4,0xblankets.png,57,65c307eb-6278-440a-a291-e8312bc0ebfd,AO-l8vX1EGD6pKdDWF0Puaqv1ocJabriavu7CxYbF6g,hcchAFS0_o861Ev1pgoMU5uRCXVk9FopPCme-kKy3Rk,75312,2023-03-09 16:04:51.000,2023-03-08 14:18:52.000,https://arweave.net/AO-l8vX1EGD6pKdDWF0Puaqv1ocJabriavu7CxYbF6g
bd529c36-8b7d-48cd-a977-8d577ada954a,0xblind.png,56,65c307eb-6278-440a-a291-e8312bc0ebfd,gC8f9GfpeMSqKZ4S_V_IzDQl-FapOMNlzel7Hvdcf18,V9mWMkIpU3nzVN_hOEsS70mEHjis9iQr6UOpeIcu3sI,914065,2023-03-09 16:04:51.000,2023-03-08 14:18:52.000,https://arweave.net/gC8f9GfpeMSqKZ4S_V_IzDQl-FapOMNlzel7Hvdcf18
77b00c91-daee-41c0-b42c-bdebde3f2196,0xbtc_card.png,14,65c307eb-6278-440a-a291-e8312bc0ebfd,MZwn5dT-pmTujvYrvSPaB62Wg05ke5hcF8xxm-XDVqQ,IksH1nskHB0iEKTlQqMzpcO26xysvZ1AjLigzJCRy38,67168,2023-03-09 16:04:51.000,2023-03-08 14:18:52.000,https://arweave.net/MZwn5dT-pmTujvYrvSPaB62Wg05ke5hcF8xxm-XDVqQ
de721ede-c5ab-4856-bb75-485d3841c92e,0xbutter.png,55,65c307eb-6278-440a-a291-e8312bc0ebfd,t42pGh2U-gGUd2JVXQrjAnis8aWpcWveEkeZbYU3ZRI,T8xTKh6znnU8QBzQzrsmArMGlZtDB2j6hJ-AVoRPcBg,240757,2023-03-09 16:04:51.000,2023-03-08 14:18:52.000,https://arweave.net/t42pGh2U-gGUd2JVXQrjAnis8aWpcWveEkeZbYU3ZRI
31f370e3-14ad-4998-88a1-7e0a9825b513,0xcard.jpg,54,65c307eb-6278-440a-a291-e8312bc0ebfd,wLGByEs42hyXmwHrRVIf8JVOTvzo-f2CpuTnlPPxWGQ,3g9-JHzI3Ecj3mSFuxUHSe-7emHDppShzwTfabTyt9Y,43049,2023-03-09 16:04:51.000,2023-03-09 16:00:24.000,https://arweave.net/wLGByEs42hyXmwHrRVIf8JVOTvzo-f2CpuTnlPPxWGQ
a8a83208-4cf2-420f-a94e-4a1879dc1948,0xchalk.gif,48,65c307eb-6278-440a-a291-e8312bc0ebfd,8ZSZ5f7toeT4Fl7mkVpFz28ccQrP37jX_7HvrjaXFl8,WeDeZncy_LWdVKViB6yN-WPrp2AXK9llaxN0CkYLFkI,1482779,2023-03-09 16:04:51.000,2023-03-08 14:18:52.000,https://arweave.net/8ZSZ5f7toeT4Fl7mkVpFz28ccQrP37jX_7HvrjaXFl8
980139ab-e662-48ad-ab13-61bcdc72f690,0xcheer.png,47,65c307eb-6278-440a-a291-e8312bc0ebfd,oSWhXycfy3942A-ZCVWbEtCWstXKh5Uk6s41DQUlDVs,jcb_Edpsja3E8TjLZvsRCcbCnTD0e2m2pFZtNUyoMu8,775662,2023-03-09 16:04:51.000,2023-03-08 14:18:52.000,https://arweave.net/oSWhXycfy3942A-ZCVWbEtCWstXKh5Uk6s41DQUlDVs
d75132fe-d5a3-40c3-824d-3231386ecc3b,0xchips.gif,46,65c307eb-6278-440a-a291-e8312bc0ebfd,-gtvmO-WJUCMNCwuZeVZkJspavvci6USVJSoVRj8xJM,PoSYyDf6Vfjyya2BXMpjBbhk6AY5raz6uzgbprlWc_k,1306845,2023-03-09 16:04:51.000,2023-03-08 14:18:52.000,https://arweave.net/-gtvmO-WJUCMNCwuZeVZkJspavvci6USVJSoVRj8xJM
6bbd4e52-e2ab-40f2-8016-71c7c8c2ac08,0xcook.png,53,65c307eb-6278-440a-a291-e8312bc0ebfd,IP7rZFlGiW_Z9di4Xp76zT0AO5F49HDduTsUezZrckc,ZSuJDyq0E98BjwbLSCRskMcy-hy7Xi2VuWBkM8tgIpw,1716254,2023-03-09 16:04:51.000,2023-03-08 14:18:52.000,https://arweave.net/IP7rZFlGiW_Z9di4Xp76zT0AO5F49HDduTsUezZrckc
7dce094f-120a-4086-a857-f21f61af736c,0xcookies.png,13,65c307eb-6278-440a-a291-e8312bc0ebfd,0bHdbAETOjxv9e7oCrzHROl5l0hB6iu_flTqvtrNEo8,EFqw99U-j0x-D0LPyPLhszjDbu-U6H3IJgNiCmtOsbs,497021,2023-03-09 16:04:51.000,2023-03-08 14:18:52.000,https://arweave.net/0bHdbAETOjxv9e7oCrzHROl5l0hB6iu_flTqvtrNEo8
eb234a8a-46a9-47f9-981d-5bda2fd1f924,0xcute.png,51,65c307eb-6278-440a-a291-e8312bc0ebfd,yLnvJ-l7TI_pdWqOUVs1TqrguyQHpkPb_kefT4o2rMY,NfER7Jh7kyUps8nReS5zgynSQZ0Te8WloA16zQDN3tg,682462,2023-03-09 16:04:51.000,2023-03-08 14:18:52.000,https://arweave.net/yLnvJ-l7TI_pdWqOUVs1TqrguyQHpkPb_kefT4o2rMY
f734f794-ad9c-49f1-aaa8-472d670aaeda,0xdoom.jpg,12,65c307eb-6278-440a-a291-e8312bc0ebfd,DdoLRwjjp7SYcVdcttVwnDM2o1xAui8TeTZQiqc8BaU,hbrW9lSfjC-sWcfXo7G1j5cQ0q0KARrzHCHsmH_Kgjo,58437,2023-03-09 16:04:51.000,2023-03-08 14:18:52.000,https://arweave.net/DdoLRwjjp7SYcVdcttVwnDM2o1xAui8TeTZQiqc8BaU
bd0852b8-a631-45c4-a507-1836b4299ee9,0xdream.png,34,65c307eb-6278-440a-a291-e8312bc0ebfd,l6UBFMcxnLvTY_8MTr8c0xdFgtCqI5znN-8jIV1rqks,x_wg3swjrDOP1SGtdCK-8w49XpoT1HO5RVaTOyu_HIQ,1671142,2023-03-09 16:04:51.000,2023-03-08 14:18:52.000,https://arweave.net/l6UBFMcxnLvTY_8MTr8c0xdFgtCqI5znN-8jIV1rqks
8cdabf9d-9bda-4b2b-83ce-a7658c1e185d,0xfacts.gif,52,65c307eb-6278-440a-a291-e8312bc0ebfd,vP2Za3ySxxZ-i1zWXh6IUGpxcNsoQG80mzKr-msOfRI,aoDQQGxl0BdAt1GPv3nHFTt7Gvn1Uc2qE1WQkgGW3Mo,11200835,2023-03-09 16:04:51.000,2023-03-09 15:56:33.000,https://arweave.net/vP2Za3ySxxZ-i1zWXh6IUGpxcNsoQG80mzKr-msOfRI
43188a4d-a16e-4b4a-a43d-0f57e9e1114a,0xflip.gif,33,65c307eb-6278-440a-a291-e8312bc0ebfd,hTxabXaRHv_MViRq2jK4HjAV1g-yJzcnKaBqva6YLtg,EmaTe4gMZ3pXNRJn31WkVynK6N_EqkA5c7_IUz0-0fo,932818,2023-03-09 16:04:51.000,2023-03-08 14:18:52.000,https://arweave.net/hTxabXaRHv_MViRq2jK4HjAV1g-yJzcnKaBqva6YLtg
d0da1a4b-9784-48a0-8600-c1319788b8e5,0xflowers.png,32,65c307eb-6278-440a-a291-e8312bc0ebfd,lcUqKkzh3lIXJIsj8gazu_ZZu_BB6kmOqlK778DP-Rw,pfyOt5THykBjvqU2vYvetV6BTwlikzC8i2X20GePIa4,1528043,2023-03-09 16:04:51.000,2023-03-08 14:18:52.000,https://arweave.net/lcUqKkzh3lIXJIsj8gazu_ZZu_BB6kmOqlK778DP-Rw
dce8e390-36c5-40c5-826e-fe60f882f288,0xhelltwins.png,11,65c307eb-6278-440a-a291-e8312bc0ebfd,VF-2YQZxlfo__bYSJTTfmn541oqXAsgjHyd5LZRQkn8,4hFGu80pv36ffbCalIL8nqmSDb1g1-0smh-euxYXR5c,3637497,2023-03-09 16:04:51.000,2023-03-08 14:18:52.000,https://arweave.net/VF-2YQZxlfo__bYSJTTfmn541oqXAsgjHyd5LZRQkn8
58a17f61-85d6-490c-b1a0-69d9fde9f531,0xhold.png,31,65c307eb-6278-440a-a291-e8312bc0ebfd,y9_yJ0YaLaEAOVvlnnbtYu6HPQIoBPMH3zyfg6eA33c,5n_Q0qd8b6d4aeE_sWZPyrFqRIsEMb39IfLYr6j1Bqo,220353,2023-03-09 16:04:51.000,2023-03-08 14:18:52.000,https://arweave.net/y9_yJ0YaLaEAOVvlnnbtYu6HPQIoBPMH3zyfg6eA33c
1347374a-b6a4-40fd-bd33-2fc4faa0e97c,0xhope.png,29,65c307eb-6278-440a-a291-e8312bc0ebfd,3fiP6yyQqHcB4YvST5Za7LOjAq-u4v3P3A7bFBPepUc,1Rkc2pMc6YvLBa0eyIwEwSkeEmPtGkLEX8mqL54_3J4,459812,2023-03-09 16:04:51.000,2023-03-08 14:18:52.000,https://arweave.net/3fiP6yyQqHcB4YvST5Za7LOjAq-u4v3P3A7bFBPepUc
19cf19aa-8d05-4573-b960-518d6bdc9db2,0xhotdog.png,30,65c307eb-6278-440a-a291-e8312bc0ebfd,u_AK1-x2X2PQcli5jVsIh-qXmmrwx0lZV9nBVEg48l0,23kZu-ecJJ3jvCCB76p7fH4rK3DSGOkfWnsyrNF6WuA,327807,2023-03-09 16:04:51.000,2023-03-08 14:18:52.000,https://arweave.net/u_AK1-x2X2PQcli5jVsIh-qXmmrwx0lZV9nBVEg48l0
594783cb-4543-44dd-84e0-61deb459b5d9,0xhurricane.png,59,65c307eb-6278-440a-a291-e8312bc0ebfd,g3pdywQgThsbTJ0jFi5JLPKKCMVU269UaUB8DRsZXY0,xnC5bYeNSi7NlK3c9NMlfFZnq6AqxlbGA6fv7sJSkBU,213211,2023-03-09 16:04:51.000,2023-03-08 14:18:52.000,https://arweave.net/g3pdywQgThsbTJ0jFi5JLPKKCMVU269UaUB8DRsZXY0
eb344164-c742-46eb-a870-b7de39f51894,0xkingdom.gif,43,65c307eb-6278-440a-a291-e8312bc0ebfd,LBA4XEmn3YiCGg9hHNXlEu8iPblvN5SKISxsBixAomo,gJn2EMJB3fXR5EDonJCmk5CTrUJ5FIeG8cSWl61zMqk,1671988,2023-03-09 16:04:51.000,2023-03-08 14:18:52.000,https://arweave.net/LBA4XEmn3YiCGg9hHNXlEu8iPblvN5SKISxsBixAomo
39566e0e-17f2-4d00-bd0f-3381f1b9f4c4,0xlambo.png,10,65c307eb-6278-440a-a291-e8312bc0ebfd,pWpaP-pe-tsI_JOHlzwDrmirV9dtANiK4iKvLNBGFPo,pdIyN_PJMXqV_8g3chQfF9yb1574-E8jyba2kqIWBpc,433520,2023-03-09 16:04:51.000,2023-03-09 15:47:31.000,https://arweave.net/pWpaP-pe-tsI_JOHlzwDrmirV9dtANiK4iKvLNBGFPo
1f6ad285-bc79-41e8-a9f7-54bf314e095d,0xnavy.png,9,65c307eb-6278-440a-a291-e8312bc0ebfd,sZb8S_fpiNYe5ciM1Qow8qy3SFWXPxxbgYaRQvbhMBU,xrYVl4qzZgHFw49YXLkOIEqkg14dQZQ9yNbrgftLDmo,599577,2023-03-09 16:04:51.000,2023-03-08 14:18:52.000,https://arweave.net/sZb8S_fpiNYe5ciM1Qow8qy3SFWXPxxbgYaRQvbhMBU
d527cea6-9da8-4e76-a821-06f957a0cbbb,0xnuke.png,28,65c307eb-6278-440a-a291-e8312bc0ebfd,X88o8xDe7lpq1BdWrIWJXgSPbh8Hly1alkE7s12mTk4,WpVptagUT6VaW5M2L3u903tF_MXz9EiJe4IygvqFAi8,380921,2023-03-09 16:04:51.000,2023-03-08 14:18:52.000,https://arweave.net/X88o8xDe7lpq1BdWrIWJXgSPbh8Hly1alkE7s12mTk4
341e4cfc-edf8-43e6-bad8-d12b8d29f420,0xoreo.jpg,8,65c307eb-6278-440a-a291-e8312bc0ebfd,O_m6Mw-NpLAgu9bIN3r1Gndbkwv5V0bNj3C-LmdCWIU,8w2mrNqDj6EXwqa_bkqWqgx5xaRyVx530K74U_yqqaU,35049,2023-03-09 16:04:51.000,2023-03-09 15:57:29.000,https://arweave.net/O_m6Mw-NpLAgu9bIN3r1Gndbkwv5V0bNj3C-LmdCWIU
480fbdf3-f25e-47ee-b4c6-31fd7d6c7cac,0xpancakes.jpg,37,65c307eb-6278-440a-a291-e8312bc0ebfd,C7xG0EBbS3ie0dB4CcTEYvo943I25f0EdAiOKg0Bh04,DshbNL3gP1Gfcc9pWmcEOIdemvSOGUutG9bugMERLTM,19752,2023-03-09 16:04:51.000,2023-03-08 14:18:52.000,https://arweave.net/C7xG0EBbS3ie0dB4CcTEYvo943I25f0EdAiOKg0Bh04
f0d8db8d-4a40-4651-b6c9-64b8386646c5,0xpanther.png,36,65c307eb-6278-440a-a291-e8312bc0ebfd,VezoF541fjkn2wUqpWIF_6EJkrZJBTmKhtqxTMs9Occ,_SXP9ogeGdhPF9WXkwV7i4AF68Vun3bf6j7EheSZWv0,2833469,2023-03-09 16:04:51.000,2023-03-08 14:18:52.000,https://arweave.net/VezoF541fjkn2wUqpWIF_6EJkrZJBTmKhtqxTMs9Occ
cd4c2e94-a3c5-4ec0-9852-25827b46913c,0xpepe.jpg,0,65c307eb-6278-440a-a291-e8312bc0ebfd,BayomAiUdMpGzyt-WKC8OxIGwrMKzna2hNWuBUMoePU,5RX7O3k0IgzZ7Xd4c6rwTomAgbBLWKjSs4U-0myxIx8,48157,2023-03-09 16:04:51.000,2023-03-08 14:18:52.000,https://arweave.net/BayomAiUdMpGzyt-WKC8OxIGwrMKzna2hNWuBUMoePU
e6d35d08-616d-49d1-875c-704e7da5af69,0xpokeball.jpg,18,65c307eb-6278-440a-a291-e8312bc0ebfd,pRsRh47gC6Ky3mZvLAKeZUAQ1qgz65o3fXYHuvbgW4M,LI7o3IXSZR8TTf9-OmgU95W3LwaARqKL5Os1X17RJnk,146975,2023-03-09 16:04:51.000,2023-03-08 14:18:52.000,https://arweave.net/pRsRh47gC6Ky3mZvLAKeZUAQ1qgz65o3fXYHuvbgW4M
8b65c47a-b994-42ec-b288-d56ef98c5ef8,0xreaper.png,17,65c307eb-6278-440a-a291-e8312bc0ebfd,lT4cSxzgH8g-MZyC33sOMpgPFvzcMe-myndL-Yx3xuY,krdaZP5e-1KhVyHTH5bSDPk84dcDFGZkVjb9X6vTTFQ,1028003,2023-03-09 16:04:51.000,2023-03-08 14:18:52.000,https://arweave.net/lT4cSxzgH8g-MZyC33sOMpgPFvzcMe-myndL-Yx3xuY
57c77989-be63-40ef-86b6-c6051eb3330f,0xrizz.png,7,65c307eb-6278-440a-a291-e8312bc0ebfd,GTSrgZ04Fvn3mztDQETLp_dvTQFuDj57zk6MzrINh8U,RRlLSh2MaRWCURwkTCa9DpKw84aS5JoscnGSgLqbiIQ,383204,2023-03-09 16:04:51.000,2023-03-09 15:50:08.000,https://arweave.net/GTSrgZ04Fvn3mztDQETLp_dvTQFuDj57zk6MzrINh8U
64cf8218-bc84-4b2d-aabe-a132bda12647,0xrosy.jpg,6,65c307eb-6278-440a-a291-e8312bc0ebfd,OabkCur4XUc4pV2MwQewuugePv_PFeewbVBKa91jeYE,D4TBa5VylQN_qdYYSq5rZq28DI1kQhhryeq5YU0ZBHE,39790,2023-03-09 16:04:51.000,2023-03-09 15:53:21.000,https://arweave.net/OabkCur4XUc4pV2MwQewuugePv_PFeewbVBKa91jeYE
e8416116-aaac-4ab7-8033-4cb0c8b4717a,0xruin.png,35,65c307eb-6278-440a-a291-e8312bc0ebfd,E_6wPzTUp3NllEUuXJJF4S5nf5ZJyG3j1TwUhQ_xR7c,R7tlo_KPJfpxUSl3NW8tU5Mof8Thx81XbkytBh1un7U,502928,2023-03-09 16:04:51.000,2023-03-08 14:18:52.000,https://arweave.net/E_6wPzTUp3NllEUuXJJF4S5nf5ZJyG3j1TwUhQ_xR7c
9fa6f3df-85be-4692-b1bc-20c0177e9ee2,0xserve.png,21,65c307eb-6278-440a-a291-e8312bc0ebfd,diXTkddq13SVjrsP1RgNftTbdnzrC80ADlDYZxr0mGM,WsDDVIcOvKgDCYHAWvOLIJGKdFjTDxdOnaZKhDCa6Qo,5200205,2023-03-09 16:04:51.000,2023-03-08 14:18:52.000,https://arweave.net/diXTkddq13SVjrsP1RgNftTbdnzrC80ADlDYZxr0mGM
1badf31d-f070-4004-8aa2-4f3afbc477c9,0xshill.png,20,65c307eb-6278-440a-a291-e8312bc0ebfd,Hr-RSM1S90ORZ5A9xL0RfCriJspMFkXb9aVFkAWCru4,Lkl2L_2MiojuWM_W9uFHGT7wguPNA6OHSO23LY58nbA,1887905,2023-03-09 16:04:51.000,2023-03-08 14:18:52.000,https://arweave.net/Hr-RSM1S90ORZ5A9xL0RfCriJspMFkXb9aVFkAWCru4
e3cf7af8-d3bf-40ba-b2d8-8a89e06935f4,0xsloth.png,50,65c307eb-6278-440a-a291-e8312bc0ebfd,dK9hpgllNvc5SaCj65UXVL5dkV338j7aIVa8pWt39a8,-1T8Y1HiQVawCB3hKRLKE_5idinvyOawZVTFixS6bBQ,2769357,2023-03-09 16:04:51.000,2023-03-08 14:18:52.000,https://arweave.net/dK9hpgllNvc5SaCj65UXVL5dkV338j7aIVa8pWt39a8
07bfdcf2-be74-40b7-813a-495ab96e4a84,0xsunset.gif,19,65c307eb-6278-440a-a291-e8312bc0ebfd,hprkdH8XdJEn8t3hApCw2LncuhO6w6K66UlMe2HC88g,-nbgOBAyLreoisZAJGUtfVUAXaCt0nmdzCvhAHKsbVM,910209,2023-03-09 16:04:51.000,2023-03-08 14:18:52.000,https://arweave.net/hprkdH8XdJEn8t3hApCw2LncuhO6w6K66UlMe2HC88g
ade74a2c-9bba-46c7-8acf-4bd6ca14cede,0xtaurus.png,5,65c307eb-6278-440a-a291-e8312bc0ebfd,58LqiO-Q9Xc5Czb9S8oX26azKJLLyeS4qb8T1wpT754,n-lZ6zDwSyTXo1cjkQkCmeBS4ISqh-iE5sL-N3WgTcQ,580770,2023-03-09 16:04:51.000,2023-03-09 15:47:48.000,https://arweave.net/58LqiO-Q9Xc5Czb9S8oX26azKJLLyeS4qb8T1wpT754
c1d0fe92-d71d-462a-b155-a3f4b50bcaf8,0xtickle.gif,58,65c307eb-6278-440a-a291-e8312bc0ebfd,xLLrJONMxHFeZsnZBKeNZdhQQQNM6m4w99b2qSsGJck,eoIer--EIJ1tJwC9SHoNqdILTElXnDnoaR_icZF2TEM,1023285,2023-03-09 16:04:51.000,2023-03-09 15:59:18.000,https://arweave.net/xLLrJONMxHFeZsnZBKeNZdhQQQNM6m4w99b2qSsGJck
92d243ec-44ea-4d3d-9bcb-0bc7d651d057,0xvamp.jpg,4,65c307eb-6278-440a-a291-e8312bc0ebfd,mG51VGT0DKi-y4W4SJatSCNmLcztlMHfs-f4jYlT2h0,adJ1yg1MljVoj6O8crxs3eyyPoyveoqBLlfvu9IvL8A,1349266,2023-03-09 16:04:51.000,2023-03-08 14:18:52.000,https://arweave.net/mG51VGT0DKi-y4W4SJatSCNmLcztlMHfs-f4jYlT2h0
a762b971-0211-4b06-bd6c-dd22533d1ff2,0xvolley.png,39,65c307eb-6278-440a-a291-e8312bc0ebfd,0uVJk_1WePbvw0BRD8HkavU5ONV76vMzQlIPUSZaOHc,RdM3VhWTjxDelppH7IpxbbRLVaGkUGJEo8P6mEMcEGg,1058039,2023-03-09 16:04:51.000,2023-03-08 14:18:52.000,https://arweave.net/0uVJk_1WePbvw0BRD8HkavU5ONV76vMzQlIPUSZaOHc
a5882baf-3b8e-42e1-ba95-44ba47bfc0df,0xwaifu.jpg,38,65c307eb-6278-440a-a291-e8312bc0ebfd,YYrHKU0PZT9CPAnsZEeWFvF3seS_RYuUNfOHOxEq0Ng,q2HYB8Y7rCMktaPfp5B92bgrN7DrbhCdkjE1phZMsZU,8189066,2023-03-09 16:04:51.000,2023-03-08 14:18:52.000,https://arweave.net/YYrHKU0PZT9CPAnsZEeWFvF3seS_RYuUNfOHOxEq0Ng
633ac9c5-8e11-498d-8491-2226486baad2,0xwait.gif,40,65c307eb-6278-440a-a291-e8312bc0ebfd,KuQeV-5vRht0tMJqZggOo_KaSKoMvJpPTtzElSpOSG0,y6fm4zw2HLeAfVWwB6n92SzD2t_t_JwkGtERlgQhsqo,248238,2023-03-09 16:04:51.000,2023-03-08 14:18:52.000,https://arweave.net/KuQeV-5vRht0tMJqZggOo_KaSKoMvJpPTtzElSpOSG0
c0beb7f5-1316-4e20-8f97-bc0a41af4ad0,0xwarp.gif,3,65c307eb-6278-440a-a291-e8312bc0ebfd,bXeF4VZ8Gw-zzbZj9rf7l2zpthCxVsoEgn7ZRPlC1wY,RBG37ElB_R1CN-3le49qmeBvgROPHfES0MTWpAx4ee4,1656345,2023-03-09 16:04:51.000,2023-03-09 15:56:04.000,https://arweave.net/bXeF4VZ8Gw-zzbZj9rf7l2zpthCxVsoEgn7ZRPlC1wY
5ed88da8-1ae3-40f6-bf06-5876d44eb360,0xwild.png,24,65c307eb-6278-440a-a291-e8312bc0ebfd,Ukbrf67L3zLpib5ZXRyR0pnlECo9zhjb_jDh9-3mQh0,dC9k6KenMIkCc9o6Dxp2VP2llYTxTKMGh1Sg2cZ8LLw,174756,2023-03-09 16:04:51.000,2023-03-09 16:01:35.000,https://arweave.net/Ukbrf67L3zLpib5ZXRyR0pnlECo9zhjb_jDh9-3mQh0
ca4d1029-0ce1-45cf-9367-683ea443fad5,0xwitch.png,22,65c307eb-6278-440a-a291-e8312bc0ebfd,-1TVgVJl8Lw8h1xokkUEHqysJrewFRRiEx7KnEi2vz4,VKl5vudu2bqca42jTC2UI81pAYdHw82gH66AJXu7LFE,1256751,2023-03-09 16:04:51.000,2023-03-08 14:18:52.000,https://arweave.net/-1TVgVJl8Lw8h1xokkUEHqysJrewFRRiEx7KnEi2vz4
34134d1e-6fa6-4d8e-9cfe-b6673b316fea,0xwolverine.jpg,23,65c307eb-6278-440a-a291-e8312bc0ebfd,CGGUHksp9yeIlxtfbAMvCjDyx2-i20V5fpmjMw1gv9M,O7FZxWCo6W4rN-Y51WL8aOJvK6voWXRKYOqCRu60Muc,85477,2023-03-09 16:04:51.000,2023-03-08 14:18:52.000,https://arweave.net/CGGUHksp9yeIlxtfbAMvCjDyx2-i20V5fpmjMw1gv9M
b29a5a85-e221-46a8-beea-245f667f19ca,catmoon.png,41,65c307eb-6278-440a-a291-e8312bc0ebfd,RgPVNSL31rAKrEYJtwQpV7pIc1RvByIRewkoKIqmw0o,VzFDg_crczw7QsnXtNUeTNRLk6ZLQfnV5WedgL4dpno,883829,2023-03-09 16:04:51.000,2023-03-08 14:18:52.000,https://arweave.net/RgPVNSL31rAKrEYJtwQpV7pIc1RvByIRewkoKIqmw0o
4c2a6cc5-4dff-461a-b8c5-d66a6ec8e441,cozyy.png,25,65c307eb-6278-440a-a291-e8312bc0ebfd,7W3O7VaUvMzeOOZZfhYhUFUaEeenzeP6JJVbEDa3mKQ,wPJIzltTp3R88qBPtiNF3jqo77d9yQF_5wZKi2-ehQ0,171165,2023-03-09 16:04:51.000,2023-03-08 14:18:52.000,https://arweave.net/7W3O7VaUvMzeOOZZfhYhUFUaEeenzeP6JJVbEDa3mKQ
2fde1e49-eaa2-46a2-b1ed-6e70eb2f2923,laughfightwin.jpg,26,65c307eb-6278-440a-a291-e8312bc0ebfd,GdGeigjnQdSsB4GdqU7kCB52egWJV_Cp1RyVZo-AR9g,-FRg9erL8MQUU3s3gdU4vGvMyZeIPn-AEJUb8r5rI8U,161490,2023-03-09 16:04:51.000,2023-03-08 14:18:52.000,https://arweave.net/GdGeigjnQdSsB4GdqU7kCB52egWJV_Cp1RyVZo-AR9g
2a58e724-31d4-4793-8269-38e31e86448e,lavapepe.jpg,27,65c307eb-6278-440a-a291-e8312bc0ebfd,vP7wKVtUuJBOUcFqouAcnfynIzlDhcBNFyPHj_ZhRZ8,U4T1oqnbxsXaYFg3ubSlr0JYIcTvW78OcrQkdqSDIDw,235974,2023-03-09 16:04:51.000,2023-03-08 14:18:52.000,https://arweave.net/vP7wKVtUuJBOUcFqouAcnfynIzlDhcBNFyPHj_ZhRZ8
5966356b-961c-4eb3-b7af-f3d370de74c9,nightcafe.png,44,65c307eb-6278-440a-a291-e8312bc0ebfd,UB8b6p-29rEdbOpiA4MHzjFPeAdciSY0qU7VSqu5RLI,vcV6a1GrVPmU4xZ2LuRem9F2LNrT9mZSsDRQxclBlSI,1466257,2023-03-09 16:04:51.000,2023-03-08 14:18:52.000,https://arweave.net/UB8b6p-29rEdbOpiA4MHzjFPeAdciSY0qU7VSqu5RLI
b1912015-abe2-49a0-b1cc-b553190b831d,quitting.jpg,45,65c307eb-6278-440a-a291-e8312bc0ebfd,vfjfx0BVHIXASXQNPt6KtW1GCl6LKceRYaBAah2l1Yk,tLCaJT30Xlu9mMSKh6uJWYniYcJZjfcMcrOI7tJ8GyI,165989,2023-03-09 16:04:51.000,2023-03-09 15:52:15.000,https://arweave.net/vfjfx0BVHIXASXQNPt6KtW1GCl6LKceRYaBAah2l1Yk
c7f159f5-bdf4-4731-8dbf-5472c1c7a28d,stash.png,49,65c307eb-6278-440a-a291-e8312bc0ebfd,VtWWsPc0I7HG3dVEoESXVMPoDRgs4yjivbtoeR7G9Vg,A4f5PgIyhEZfd5ca7DBJd6zVszlfkfkl4yV9KtGBzY4,1290194,2023-03-09 16:04:51.000,2023-03-08 14:18:52.000,https://arweave.net/VtWWsPc0I7HG3dVEoESXVMPoDRgs4yjivbtoeR7G9Vg
764b753b-6b55-440d-a744-f0e0c6bc4fb6,tfw.png,42,65c307eb-6278-440a-a291-e8312bc0ebfd,ww_FGhhhmE-A-DFjByxY6FbbQ0zX_VXYQjYKVpU5Wh0,59v0kWdlThSERI5RtdxNxMjze1MYZRlCtFyqL3kwh_I,1279273,2023-03-09 16:04:51.000,2023-03-08 14:18:52.000,https://arweave.net/ww_FGhhhmE-A-DFjByxY6FbbQ0zX_VXYQjYKVpU5Wh0
d84e680c-890c-4962-86a6-abc113d0761a,toastercoaster.gif,2,65c307eb-6278-440a-a291-e8312bc0ebfd,BSgCJDhjfnhCUhIoJEUCbBBE0tVnQ1TiwrSlpzP01hM,yZuyaUZpLO6J0iqRnALsxxYeG8Q3qLJqaxHgYSF7MlQ,637865,2023-03-09 16:04:51.000,2023-03-09 15:51:08.000,https://arweave.net/BSgCJDhjfnhCUhIoJEUCbBBE0tVnQ1TiwrSlpzP01hM
cc7b904f-4f3e-445c-992e-ddfd4ca2e9f2,tryit.jpg,1,65c307eb-6278-440a-a291-e8312bc0ebfd,Ke2EJexbnHHF52D4YIm1K3qfpbLaaIbZF9MX6XxZcO4,bPtM43cgHwA7f4qJPqT7t8zyef8gE4XfcCZhXwPWbec,136309,2023-03-09 16:04:51.000,2023-03-08 14:18:52.000,https://arweave.net/Ke2EJexbnHHF52D4YIm1K3qfpbLaaIbZF9MX6XxZcO4
